{"count":1,"self":423.59746559999996,"total":440.5118142,"children":{"InitializeActuators":{"count":36,"self":0.0009999,"total":0.0009999,"children":null},"InitializeSensors":{"count":36,"self":0.0025049,"total":0.0025049,"children":null},"AgentSendState":{"count":21679,"self":2.6335083999999997,"total":3.1032954999999998,"children":{"CollectObservations":{"count":17943,"self":0.1678037,"total":0.1678037,"children":null},"WriteActionMask":{"count":17943,"self":0.0075604999999999995,"total":0.0075604999999999995,"children":null},"RequestDecision":{"count":17943,"self":0.2944229,"total":0.2944229,"children":null}}},"DecideAction":{"count":21679,"self":12.654016799999999,"total":12.8031039,"children":{"RayPerceptionSensor.Perceive":{"count":35886,"self":0.1490872,"total":0.1490872,"children":null}}},"AgentAct":{"count":21679,"self":1.0034494999999999,"total":1.0034494999999999,"children":null}},"gauges":{"Tank.CumulativeReward":{"count":12,"max":0.09000002,"min":-0.569999754,"runningAverage":-0.164166614,"value":0.01000003,"weightedAverage":-0.156344458}},"metadata":{"timer_format_version":"0.1.0","start_time_seconds":"1733079804","unity_version":"2022.3.10f1","command_line_arguments":"C:\\Program Files\\Unity\\Hub\\Editor\\2022.3.10f1\\Editor\\Unity.exe -projectpath D:\\Unity\\Tanks -useHub -hubIPC -cloudEnvironment production -licensingIpc LicenseClient-82688 -hubSessionId f694435e-13da-46fe-9323-75b429601cb4 -accessToken q-B12lpkBV4XZXqNwXWATbCxUYWeDLmGpBFNsZP42z8009f","communication_protocol_version":"1.5.0","com.unity.ml-agents_version":"2.0.1","scene_name":"DeathmatchTraining","end_time_seconds":"1733080244"}}